{"SV":[0.8863386,0.50758487,0.43935987],"US":[0.16623537,0.37978262,0.3526696],"ES":[0.12154005,0.030130941,0.43401843],"BR":[0.6688933,0.89006114,0.43643585],"EC":[0.37727123,0.20193243,0.28753155],"FR":[0.8067109,1.0,0.51378983],"HN":[0.8676648,0.65521187,0.35648423],"MX":[0.32235447,0.001085203,0.4822968],"PR":[0.9924965,0.98296916,0.7648797],"CO":[0.253586,0.13269986,0.61584884],"DO":[0.33932757,0.39133364,0.0],"CA":[0.85055506,0.8757216,0.617803],"GB":[0.7910351,0.925844,0.13598281],"GT":[0.71437943,0.5038613,0.24178907],"ALL":[0.0,0.12273878,0.39110792],"CR":[0.5561804,0.6133539,0.32498148],"BO":[1.0,0.6967156,0.56614286],"PE":[0.19424275,0.2841966,0.06913237],"PY":[0.32720304,0.46765223,0.5607985],"UY":[0.20887502,0.37177303,1.0],"AR":[0.0791475,0.19907846,0.74656695],"CL":[0.15024568,0.0,0.675452],"PA":[0.49563208,0.39719063,0.110588096],"VE":[0.28572035,0.03356778,0.074770056],"CU":[0.9988015,0.86118835,0.73791385],"NI":[0.8338572,0.6957801,0.1017013]}
