{"SV":[0.56083643,0.33673602,0.36943325],"US":[0.39524293,0.83678997,0.17831258],"ES":[0.10998119,1.0,0.6936351],"BR":[1.0,0.09098737,0.23878713],"EC":[0.21157905,0.7170319,0.16871151],"FR":[0.94931716,0.051284492,0.45680657],"HN":[0.6894502,0.27304286,0.32063982],"MX":[0.23361439,0.9569546,0.31490332],"PR":[0.97728884,0.038147725,1.0],"CO":[0.08586531,0.8124128,0.5490023],"DO":[0.37103602,0.73405737,0.0],"CA":[0.8757201,0.08432983,0.7138194],"GB":[0.93687534,0.13190088,0.48141629],"GT":[0.5557545,0.42879823,0.13846181],"ALL":[0.08734525,0.89418006,0.8881677],"CR":[0.65227586,0.4922632,0.21528141],"BO":[0.72109056,0.16090216,0.62213814],"PE":[0.23106177,0.72968656,0.5418595],"PY":[0.35453078,0.7478679,0.7288438],"UY":[0.36890537,0.86439854,0.7960812],"AR":[0.27753654,0.97919655,0.7972521],"CL":[0.12749648,0.9368049,0.521836],"PA":[0.42269513,0.6235004,0.053120684],"VE":[0.0,0.9188507,0.3633568],"CU":[0.88579917,0.0,0.93434894],"NI":[0.7809619,0.32168782,0.23341723]}
