{"SV":[1.0,0.62066066,0.6891552],"US":[0.2320411,0.20792416,0.41950002],"ES":[0.38543805,0.08733244,0.085625306],"BR":[0.733403,1.0,1.0],"EC":[0.2941384,0.086173415,0.3795896],"FR":[0.80589455,0.9474906,0.96838355],"HN":[0.99343234,0.7041842,0.6860894],"MX":[0.35036203,0.039934844,0.119439185],"PR":[0.86220104,0.9072766,0.75267047],"CO":[0.29188296,0.034124993,0.234846],"DO":[0.25771886,0.15165317,0.5172273],"CA":[0.7691191,0.9625742,0.85969454],"GB":[0.80023384,0.97463673,0.9298071],"GT":[0.93603635,0.56854594,0.7376237],"ALL":[0.12724786,0.031179167,0.16784154],"CR":[0.8438445,0.5524648,0.7994752],"BO":[0.96390796,0.7955072,0.7042042],"PE":[0.15320553,0.13969806,0.40709543],"PY":[0.0,0.11127953,0.07034464],"UY":[0.0216305,0.10101848,0.0],"AR":[0.114362866,0.05242716,0.010197938],"CL":[0.22137624,0.08117463,0.13624793],"PA":[0.34906045,0.18081509,0.5140753],"VE":[0.20303641,0.0,0.12633319],"CU":[0.92431074,0.8619388,0.73545176],"NI":[0.9067339,0.68239915,0.7140781]}
